STATE,GROUPING,GROUPED_BY,PROGRAM,REPORT_YEAR,REPORT_MONTH,COUNTORFACTOR
FL,LIEN,LEIN,PROGRAM_1,2014,1,2000
FL,LIEN,LEIN,PROGRAM_2,2014,1,70
FL,LIEN,LEIN,TOTAL,2014,1,2070
TX,LIEN,LEIN,PROGRAM_1,2014,1,150
TX,LIEN,LEIN,PROGRAM_2,2014,1,40
TX,LIEN,LEIN,TOTAL,2014,1,190
FL,LIEN,NO LEIN,PROGRAM_1,2014,1,600
FL,LIEN,NO LEIN,PROGRAM_2,2014,1,600
FL,LIEN,NO LEIN,TOTAL,2014,1,1200
TX,LIEN,NO LEIN,PROGRAM_1,2014,1,600
TX,LIEN,NO LEIN,PROGRAM_2,2014,1,600
TX,LIEN,NO LEIN,TOTAL,2014,1,1200
FL,NEW OR RENEWAL,NEW,PROGRAM_1,2014,1,70
FL,NEW OR RENEWAL,NEW,PROGRAM_2,2014,1,40
FL,NEW OR RENEWAL,NEW,TOTAL,2014,1,110
TX,NEW OR RENEWAL,NEW,PROGRAM_1,2014,1,45
TX,NEW OR RENEWAL,NEW,PROGRAM_2,2014,1,100
TX,NEW OR RENEWAL,NEW,TOTAL,2014,1,145
FL,NEW OR RENEWAL,RENEWAL,PROGRAM_1,2014,1,45
FL,NEW OR RENEWAL,RENEWAL,PROGRAM_2,2014,1,150
FL,NEW OR RENEWAL,RENEWAL,TOTAL,2014,1,195
TX,NEW OR RENEWAL,RENEWAL,PROGRAM_1,2014,1,800
TX,NEW OR RENEWAL,RENEWAL,PROGRAM_2,2014,1,600
TX,NEW OR RENEWAL,RENEWAL,TOTAL,2014,1,1400
FL,SEX-MARITAL,MALE-SINGLE,PROGRAM_1,2014,1,750
FL,SEX-MARITAL,MALE-SINGLE,PROGRAM_2,2014,1,100
FL,SEX-MARITAL,MALE-SINGLE,TOTAL,2014,1,850
TX,SEX-MARITAL,MALE-SINGLE,PROGRAM_1,2014,1,70
TX,SEX-MARITAL,MALE-SINGLE,PROGRAM_2,2014,1,750
TX,SEX-MARITAL,MALE-SINGLE,TOTAL,2014,1,820
FL,SEX-MARITAL,FEMALE-SINGLE,PROGRAM_1,2014,1,600
FL,SEX-MARITAL,FEMALE-SINGLE,PROGRAM_2,2014,1,750
FL,SEX-MARITAL,FEMALE-SINGLE,TOTAL,2014,1,1350
TX,SEX-MARITAL,FEMALE-SINGLE,PROGRAM_1,2014,1,40
TX,SEX-MARITAL,FEMALE-SINGLE,PROGRAM_2,2014,1,800
TX,SEX-MARITAL,FEMALE-SINGLE,TOTAL,2014,1,840
FL,SEX-MARITAL,MALE-MARRIED,PROGRAM_1,2014,1,300
FL,SEX-MARITAL,MALE-MARRIED,PROGRAM_2,2014,1,600
FL,SEX-MARITAL,MALE-MARRIED,TOTAL,2014,1,900
TX,SEX-MARITAL,MALE-MARRIED,PROGRAM_1,2014,1,40
TX,SEX-MARITAL,MALE-MARRIED,PROGRAM_2,2014,1,2000
TX,SEX-MARITAL,MALE-MARRIED,TOTAL,2014,1,2040
FL,SEX-MARITAL,FEMALE-MARRIED,PROGRAM_1,2014,1,45
FL,SEX-MARITAL,FEMALE-MARRIED,PROGRAM_2,2014,1,1000
FL,SEX-MARITAL,FEMALE-MARRIED,TOTAL,2014,1,1045
TX,SEX-MARITAL,FEMALE-MARRIED,PROGRAM_1,2014,1,1000
TX,SEX-MARITAL,FEMALE-MARRIED,PROGRAM_2,2014,1,600
TX,SEX-MARITAL,FEMALE-MARRIED,TOTAL,2014,1,1600
FL,LIEN,LEIN,PROGRAM_1,2014,2,2624
FL,LIEN,LEIN,PROGRAM_2,2014,2,363
FL,LIEN,LEIN,TOTAL,2014,2,2987
TX,LIEN,LEIN,PROGRAM_1,2014,2,234
TX,LIEN,LEIN,PROGRAM_2,2014,2,0
TX,LIEN,LEIN,TOTAL,2014,2,52
FL,LIEN,NO LEIN,PROGRAM_1,2014,2,1113
FL,LIEN,NO LEIN,PROGRAM_2,2014,2,438
FL,LIEN,NO LEIN,TOTAL,2014,2,1551
TX,LIEN,NO LEIN,PROGRAM_1,2014,2,605
TX,LIEN,NO LEIN,PROGRAM_2,2014,2,709
TX,LIEN,NO LEIN,TOTAL,2014,2,1314
FL,NEW OR RENEWAL,NEW,PROGRAM_1,2014,2,490
FL,NEW OR RENEWAL,NEW,PROGRAM_2,2014,2,528
FL,NEW OR RENEWAL,NEW,TOTAL,2014,2,1018
TX,NEW OR RENEWAL,NEW,PROGRAM_1,2014,2,0
TX,NEW OR RENEWAL,NEW,PROGRAM_2,2014,2,0
TX,NEW OR RENEWAL,NEW,TOTAL,2014,2,0
FL,NEW OR RENEWAL,RENEWAL,PROGRAM_1,2014,2,350
FL,NEW OR RENEWAL,RENEWAL,PROGRAM_2,2014,2,272
FL,NEW OR RENEWAL,RENEWAL,TOTAL,2014,2,622
TX,NEW OR RENEWAL,RENEWAL,PROGRAM_1,2014,2,1064
TX,NEW OR RENEWAL,RENEWAL,PROGRAM_2,2014,2,831
TX,NEW OR RENEWAL,RENEWAL,TOTAL,2014,2,1895
FL,SEX-MARITAL,MALE-SINGLE,PROGRAM_1,2014,2,1086
FL,SEX-MARITAL,MALE-SINGLE,PROGRAM_2,2014,2,122
FL,SEX-MARITAL,MALE-SINGLE,TOTAL,2014,2,1208
TX,SEX-MARITAL,MALE-SINGLE,PROGRAM_1,2014,2,224
TX,SEX-MARITAL,MALE-SINGLE,PROGRAM_2,2014,2,968
TX,SEX-MARITAL,MALE-SINGLE,TOTAL,2014,2,1192
FL,SEX-MARITAL,FEMALE-SINGLE,PROGRAM_1,2014,2,684
FL,SEX-MARITAL,FEMALE-SINGLE,PROGRAM_2,2014,2,704
FL,SEX-MARITAL,FEMALE-SINGLE,TOTAL,2014,2,1388
TX,SEX-MARITAL,FEMALE-SINGLE,PROGRAM_1,2014,2,0
TX,SEX-MARITAL,FEMALE-SINGLE,PROGRAM_2,2014,2,1512
TX,SEX-MARITAL,FEMALE-SINGLE,TOTAL,2014,2,1452
FL,SEX-MARITAL,MALE-MARRIED,PROGRAM_1,2014,2,486
FL,SEX-MARITAL,MALE-MARRIED,PROGRAM_2,2014,2,675
FL,SEX-MARITAL,MALE-MARRIED,TOTAL,2014,2,1161
TX,SEX-MARITAL,MALE-MARRIED,PROGRAM_1,2014,2,93
TX,SEX-MARITAL,MALE-MARRIED,PROGRAM_2,2014,2,1936
TX,SEX-MARITAL,MALE-MARRIED,TOTAL,2014,2,2029
FL,SEX-MARITAL,FEMALE-MARRIED,PROGRAM_1,2014,2,490
FL,SEX-MARITAL,FEMALE-MARRIED,PROGRAM_2,2014,2,1205
FL,SEX-MARITAL,FEMALE-MARRIED,TOTAL,2014,2,1695
TX,SEX-MARITAL,FEMALE-MARRIED,PROGRAM_1,2014,2,1019
TX,SEX-MARITAL,FEMALE-MARRIED,PROGRAM_2,2014,2,893
TX,SEX-MARITAL,FEMALE-MARRIED,TOTAL,2014,2,1912
FL,LIEN,LEIN,PROGRAM_1,2014,3,3361
FL,LIEN,LEIN,PROGRAM_2,2014,3,775
FL,LIEN,LEIN,TOTAL,2014,3,4136
TX,LIEN,LEIN,PROGRAM_1,2014,3,342
TX,LIEN,LEIN,PROGRAM_2,2014,3,0
TX,LIEN,LEIN,TOTAL,2014,3,331
FL,LIEN,NO LEIN,PROGRAM_1,2014,3,1521
FL,LIEN,NO LEIN,PROGRAM_2,2014,3,315
FL,LIEN,NO LEIN,TOTAL,2014,3,1836
TX,LIEN,NO LEIN,PROGRAM_1,2014,3,1122
TX,LIEN,NO LEIN,PROGRAM_2,2014,3,667
TX,LIEN,NO LEIN,TOTAL,2014,3,1789
FL,NEW OR RENEWAL,NEW,PROGRAM_1,2014,3,882
FL,NEW OR RENEWAL,NEW,PROGRAM_2,2014,3,765
FL,NEW OR RENEWAL,NEW,TOTAL,2014,3,1647
TX,NEW OR RENEWAL,NEW,PROGRAM_1,2014,3,0
TX,NEW OR RENEWAL,NEW,PROGRAM_2,2014,3,0
TX,NEW OR RENEWAL,NEW,TOTAL,2014,3,0
FL,NEW OR RENEWAL,RENEWAL,PROGRAM_1,2014,3,464
FL,NEW OR RENEWAL,RENEWAL,PROGRAM_2,2014,3,550
FL,NEW OR RENEWAL,RENEWAL,TOTAL,2014,3,1014
TX,NEW OR RENEWAL,RENEWAL,PROGRAM_1,2014,3,1418
TX,NEW OR RENEWAL,RENEWAL,PROGRAM_2,2014,3,1263
TX,NEW OR RENEWAL,RENEWAL,TOTAL,2014,3,2681
FL,SEX-MARITAL,MALE-SINGLE,PROGRAM_1,2014,3,1322
FL,SEX-MARITAL,MALE-SINGLE,PROGRAM_2,2014,3,314
FL,SEX-MARITAL,MALE-SINGLE,TOTAL,2014,3,1636
TX,SEX-MARITAL,MALE-SINGLE,PROGRAM_1,2014,3,297
TX,SEX-MARITAL,MALE-SINGLE,PROGRAM_2,2014,3,1030
TX,SEX-MARITAL,MALE-SINGLE,TOTAL,2014,3,1327
FL,SEX-MARITAL,FEMALE-SINGLE,PROGRAM_1,2014,3,1213
FL,SEX-MARITAL,FEMALE-SINGLE,PROGRAM_2,2014,3,755
FL,SEX-MARITAL,FEMALE-SINGLE,TOTAL,2014,3,1968
TX,SEX-MARITAL,FEMALE-SINGLE,PROGRAM_1,2014,3,0
TX,SEX-MARITAL,FEMALE-SINGLE,PROGRAM_2,2014,3,1388
TX,SEX-MARITAL,FEMALE-SINGLE,TOTAL,2014,3,1349
FL,SEX-MARITAL,MALE-MARRIED,PROGRAM_1,2014,3,361
FL,SEX-MARITAL,MALE-MARRIED,PROGRAM_2,2014,3,696
FL,SEX-MARITAL,MALE-MARRIED,TOTAL,2014,3,1057
TX,SEX-MARITAL,MALE-MARRIED,PROGRAM_1,2014,3,105
TX,SEX-MARITAL,MALE-MARRIED,PROGRAM_2,2014,3,2705
TX,SEX-MARITAL,MALE-MARRIED,TOTAL,2014,3,2810
FL,SEX-MARITAL,FEMALE-MARRIED,PROGRAM_1,2014,3,520
FL,SEX-MARITAL,FEMALE-MARRIED,PROGRAM_2,2014,3,1614
FL,SEX-MARITAL,FEMALE-MARRIED,TOTAL,2014,3,2134
TX,SEX-MARITAL,FEMALE-MARRIED,PROGRAM_1,2014,3,988
TX,SEX-MARITAL,FEMALE-MARRIED,PROGRAM_2,2014,3,1239
TX,SEX-MARITAL,FEMALE-MARRIED,TOTAL,2014,3,2227
FL,LIEN,LEIN,PROGRAM_1,2014,4,4674
FL,LIEN,LEIN,PROGRAM_2,2014,4,873
FL,LIEN,LEIN,TOTAL,2014,4,5547
TX,LIEN,LEIN,PROGRAM_1,2014,4,372
TX,LIEN,LEIN,PROGRAM_2,2014,4,276
TX,LIEN,LEIN,TOTAL,2014,4,648
FL,LIEN,NO LEIN,PROGRAM_1,2014,4,1782
FL,LIEN,NO LEIN,PROGRAM_2,2014,4,754
FL,LIEN,NO LEIN,TOTAL,2014,4,2536
TX,LIEN,NO LEIN,PROGRAM_1,2014,4,1929
TX,LIEN,NO LEIN,PROGRAM_2,2014,4,632
TX,LIEN,NO LEIN,TOTAL,2014,4,2561
FL,NEW OR RENEWAL,NEW,PROGRAM_1,2014,4,1222
FL,NEW OR RENEWAL,NEW,PROGRAM_2,2014,4,1200
FL,NEW OR RENEWAL,NEW,TOTAL,2014,4,2422
TX,NEW OR RENEWAL,NEW,PROGRAM_1,2014,4,0
TX,NEW OR RENEWAL,NEW,PROGRAM_2,2014,4,351
TX,NEW OR RENEWAL,NEW,TOTAL,2014,4,20
FL,NEW OR RENEWAL,RENEWAL,PROGRAM_1,2014,4,460
FL,NEW OR RENEWAL,RENEWAL,PROGRAM_2,2014,4,631
FL,NEW OR RENEWAL,RENEWAL,TOTAL,2014,4,1091
TX,NEW OR RENEWAL,RENEWAL,PROGRAM_1,2014,4,1742
TX,NEW OR RENEWAL,RENEWAL,PROGRAM_2,2014,4,1923
TX,NEW OR RENEWAL,RENEWAL,TOTAL,2014,4,3665
FL,SEX-MARITAL,MALE-SINGLE,PROGRAM_1,2014,4,1526
FL,SEX-MARITAL,MALE-SINGLE,PROGRAM_2,2014,4,94
FL,SEX-MARITAL,MALE-SINGLE,TOTAL,2014,4,1620
TX,SEX-MARITAL,MALE-SINGLE,PROGRAM_1,2014,4,690
TX,SEX-MARITAL,MALE-SINGLE,PROGRAM_2,2014,4,994
TX,SEX-MARITAL,MALE-SINGLE,TOTAL,2014,4,1684
FL,SEX-MARITAL,FEMALE-SINGLE,PROGRAM_1,2014,4,1516
FL,SEX-MARITAL,FEMALE-SINGLE,PROGRAM_2,2014,4,664
FL,SEX-MARITAL,FEMALE-SINGLE,TOTAL,2014,4,2180
TX,SEX-MARITAL,FEMALE-SINGLE,PROGRAM_1,2014,4,370
TX,SEX-MARITAL,FEMALE-SINGLE,PROGRAM_2,2014,4,1851
TX,SEX-MARITAL,FEMALE-SINGLE,TOTAL,2014,4,2221
FL,SEX-MARITAL,MALE-MARRIED,PROGRAM_1,2014,4,824
FL,SEX-MARITAL,MALE-MARRIED,PROGRAM_2,2014,4,783
FL,SEX-MARITAL,MALE-MARRIED,TOTAL,2014,4,1607
TX,SEX-MARITAL,MALE-MARRIED,PROGRAM_1,2014,4,133
TX,SEX-MARITAL,MALE-MARRIED,PROGRAM_2,2014,4,3202
TX,SEX-MARITAL,MALE-MARRIED,TOTAL,2014,4,3335
FL,SEX-MARITAL,FEMALE-MARRIED,PROGRAM_1,2014,4,1055
FL,SEX-MARITAL,FEMALE-MARRIED,PROGRAM_2,2014,4,2062
FL,SEX-MARITAL,FEMALE-MARRIED,TOTAL,2014,4,3117
TX,SEX-MARITAL,FEMALE-MARRIED,PROGRAM_1,2014,4,1561
TX,SEX-MARITAL,FEMALE-MARRIED,PROGRAM_2,2014,4,1759
TX,SEX-MARITAL,FEMALE-MARRIED,TOTAL,2014,4,3320
FL,LIEN,LEIN,PROGRAM_1,2014,5,5475
FL,LIEN,LEIN,PROGRAM_2,2014,5,1505
FL,LIEN,LEIN,TOTAL,2014,5,6980
TX,LIEN,LEIN,PROGRAM_1,2014,5,536
TX,LIEN,LEIN,PROGRAM_2,2014,5,309
TX,LIEN,LEIN,TOTAL,2014,5,845
FL,LIEN,NO LEIN,PROGRAM_1,2014,5,2143
FL,LIEN,NO LEIN,PROGRAM_2,2014,5,1006
FL,LIEN,NO LEIN,TOTAL,2014,5,3149
TX,LIEN,NO LEIN,PROGRAM_1,2014,5,2310
TX,LIEN,NO LEIN,PROGRAM_2,2014,5,969
TX,LIEN,NO LEIN,TOTAL,2014,5,3279
FL,NEW OR RENEWAL,NEW,PROGRAM_1,2014,5,1583
FL,NEW OR RENEWAL,NEW,PROGRAM_2,2014,5,1673
FL,NEW OR RENEWAL,NEW,TOTAL,2014,5,3256
TX,NEW OR RENEWAL,NEW,PROGRAM_1,2014,5,0
TX,NEW OR RENEWAL,NEW,PROGRAM_2,2014,5,928
TX,NEW OR RENEWAL,NEW,TOTAL,2014,5,719
FL,NEW OR RENEWAL,RENEWAL,PROGRAM_1,2014,5,389
FL,NEW OR RENEWAL,RENEWAL,PROGRAM_2,2014,5,1306
FL,NEW OR RENEWAL,RENEWAL,TOTAL,2014,5,1695
TX,NEW OR RENEWAL,RENEWAL,PROGRAM_1,2014,5,2601
TX,NEW OR RENEWAL,RENEWAL,PROGRAM_2,2014,5,2045
TX,NEW OR RENEWAL,RENEWAL,TOTAL,2014,5,4646
FL,SEX-MARITAL,MALE-SINGLE,PROGRAM_1,2014,5,1701
FL,SEX-MARITAL,MALE-SINGLE,PROGRAM_2,2014,5,364
FL,SEX-MARITAL,MALE-SINGLE,TOTAL,2014,5,2065
TX,SEX-MARITAL,MALE-SINGLE,PROGRAM_1,2014,5,858
TX,SEX-MARITAL,MALE-SINGLE,PROGRAM_2,2014,5,1769
TX,SEX-MARITAL,MALE-SINGLE,TOTAL,2014,5,2627
FL,SEX-MARITAL,FEMALE-SINGLE,PROGRAM_1,2014,5,1389
FL,SEX-MARITAL,FEMALE-SINGLE,PROGRAM_2,2014,5,582
FL,SEX-MARITAL,FEMALE-SINGLE,TOTAL,2014,5,1971
TX,SEX-MARITAL,FEMALE-SINGLE,PROGRAM_1,2014,5,690
TX,SEX-MARITAL,FEMALE-SINGLE,PROGRAM_2,2014,5,2266
TX,SEX-MARITAL,FEMALE-SINGLE,TOTAL,2014,5,2956
FL,SEX-MARITAL,MALE-MARRIED,PROGRAM_1,2014,5,773
FL,SEX-MARITAL,MALE-MARRIED,PROGRAM_2,2014,5,1100
FL,SEX-MARITAL,MALE-MARRIED,TOTAL,2014,5,1873
TX,SEX-MARITAL,MALE-MARRIED,PROGRAM_1,2014,5,220
TX,SEX-MARITAL,MALE-MARRIED,PROGRAM_2,2014,5,3888
TX,SEX-MARITAL,MALE-MARRIED,TOTAL,2014,5,4108
FL,SEX-MARITAL,FEMALE-MARRIED,PROGRAM_1,2014,5,979
FL,SEX-MARITAL,FEMALE-MARRIED,PROGRAM_2,2014,5,2332
FL,SEX-MARITAL,FEMALE-MARRIED,TOTAL,2014,5,3311
TX,SEX-MARITAL,FEMALE-MARRIED,PROGRAM_1,2014,5,1925
TX,SEX-MARITAL,FEMALE-MARRIED,PROGRAM_2,2014,5,2357
TX,SEX-MARITAL,FEMALE-MARRIED,TOTAL,2014,5,4282
FL,LIEN,LEIN,PROGRAM_1,2014,6,6441
FL,LIEN,LEIN,PROGRAM_2,2014,6,1338
FL,LIEN,LEIN,TOTAL,2014,6,7779
TX,LIEN,LEIN,PROGRAM_1,2014,6,1121
TX,LIEN,LEIN,PROGRAM_2,2014,6,845
TX,LIEN,LEIN,TOTAL,2014,6,1966
FL,LIEN,NO LEIN,PROGRAM_1,2014,6,2975
FL,LIEN,NO LEIN,PROGRAM_2,2014,6,1669
FL,LIEN,NO LEIN,TOTAL,2014,6,4644
TX,LIEN,NO LEIN,PROGRAM_1,2014,6,2963
TX,LIEN,NO LEIN,PROGRAM_2,2014,6,1506
TX,LIEN,NO LEIN,TOTAL,2014,6,4469
FL,NEW OR RENEWAL,NEW,PROGRAM_1,2014,6,1861
FL,NEW OR RENEWAL,NEW,PROGRAM_2,2014,6,2652
FL,NEW OR RENEWAL,NEW,TOTAL,2014,6,4513
TX,NEW OR RENEWAL,NEW,PROGRAM_1,2014,6,257
TX,NEW OR RENEWAL,NEW,PROGRAM_2,2014,6,1068
TX,NEW OR RENEWAL,NEW,TOTAL,2014,6,1325
FL,NEW OR RENEWAL,RENEWAL,PROGRAM_1,2014,6,766
FL,NEW OR RENEWAL,RENEWAL,PROGRAM_2,2014,6,2035
FL,NEW OR RENEWAL,RENEWAL,TOTAL,2014,6,2801
TX,NEW OR RENEWAL,RENEWAL,PROGRAM_1,2014,6,3317
TX,NEW OR RENEWAL,RENEWAL,PROGRAM_2,2014,6,2512
TX,NEW OR RENEWAL,RENEWAL,TOTAL,2014,6,5829
FL,SEX-MARITAL,MALE-SINGLE,PROGRAM_1,2014,6,2303
FL,SEX-MARITAL,MALE-SINGLE,PROGRAM_2,2014,6,463
FL,SEX-MARITAL,MALE-SINGLE,TOTAL,2014,6,2766
TX,SEX-MARITAL,MALE-SINGLE,PROGRAM_1,2014,6,794
TX,SEX-MARITAL,MALE-SINGLE,PROGRAM_2,2014,6,2111
TX,SEX-MARITAL,MALE-SINGLE,TOTAL,2014,6,2905
FL,SEX-MARITAL,FEMALE-SINGLE,PROGRAM_1,2014,6,1268
FL,SEX-MARITAL,FEMALE-SINGLE,PROGRAM_2,2014,6,793
FL,SEX-MARITAL,FEMALE-SINGLE,TOTAL,2014,6,2061
TX,SEX-MARITAL,FEMALE-SINGLE,PROGRAM_1,2014,6,965
TX,SEX-MARITAL,FEMALE-SINGLE,PROGRAM_2,2014,6,3321
TX,SEX-MARITAL,FEMALE-SINGLE,TOTAL,2014,6,4286
FL,SEX-MARITAL,MALE-MARRIED,PROGRAM_1,2014,6,1343
FL,SEX-MARITAL,MALE-MARRIED,PROGRAM_2,2014,6,1747
FL,SEX-MARITAL,MALE-MARRIED,TOTAL,2014,6,3090
TX,SEX-MARITAL,MALE-MARRIED,PROGRAM_1,2014,6,674
TX,SEX-MARITAL,MALE-MARRIED,PROGRAM_2,2014,6,4693
TX,SEX-MARITAL,MALE-MARRIED,TOTAL,2014,6,5367
FL,SEX-MARITAL,FEMALE-MARRIED,PROGRAM_1,2014,6,1455
FL,SEX-MARITAL,FEMALE-MARRIED,PROGRAM_2,2014,6,2523
FL,SEX-MARITAL,FEMALE-MARRIED,TOTAL,2014,6,3978
TX,SEX-MARITAL,FEMALE-MARRIED,PROGRAM_1,2014,6,2285
TX,SEX-MARITAL,FEMALE-MARRIED,PROGRAM_2,2014,6,2834
TX,SEX-MARITAL,FEMALE-MARRIED,TOTAL,2014,6,5119
FL,LIEN,LEIN,PROGRAM_1,2014,7,7524
FL,LIEN,LEIN,PROGRAM_2,2014,7,1296
FL,LIEN,LEIN,TOTAL,2014,7,8820
TX,LIEN,LEIN,PROGRAM_1,2014,7,1713
TX,LIEN,LEIN,PROGRAM_2,2014,7,781
TX,LIEN,LEIN,TOTAL,2014,7,2494
FL,LIEN,NO LEIN,PROGRAM_1,2014,7,3496
FL,LIEN,NO LEIN,PROGRAM_2,2014,7,1881
FL,LIEN,NO LEIN,TOTAL,2014,7,5377
TX,LIEN,NO LEIN,PROGRAM_1,2014,7,2961
TX,LIEN,NO LEIN,PROGRAM_2,2014,7,2444
TX,LIEN,NO LEIN,TOTAL,2014,7,5405
FL,NEW OR RENEWAL,NEW,PROGRAM_1,2014,7,2332
FL,NEW OR RENEWAL,NEW,PROGRAM_2,2014,7,3112
FL,NEW OR RENEWAL,NEW,TOTAL,2014,7,5444
TX,NEW OR RENEWAL,NEW,PROGRAM_1,2014,7,60
TX,NEW OR RENEWAL,NEW,PROGRAM_2,2014,7,1772
TX,NEW OR RENEWAL,NEW,TOTAL,2014,7,1832
FL,NEW OR RENEWAL,RENEWAL,PROGRAM_1,2014,7,1104
FL,NEW OR RENEWAL,RENEWAL,PROGRAM_2,2014,7,2477
FL,NEW OR RENEWAL,RENEWAL,TOTAL,2014,7,3581
TX,NEW OR RENEWAL,RENEWAL,PROGRAM_1,2014,7,3014
TX,NEW OR RENEWAL,RENEWAL,PROGRAM_2,2014,7,2632
TX,NEW OR RENEWAL,RENEWAL,TOTAL,2014,7,5646
FL,SEX-MARITAL,MALE-SINGLE,PROGRAM_1,2014,7,2324
FL,SEX-MARITAL,MALE-SINGLE,PROGRAM_2,2014,7,1013
FL,SEX-MARITAL,MALE-SINGLE,TOTAL,2014,7,3337
TX,SEX-MARITAL,MALE-SINGLE,PROGRAM_1,2014,7,1248
TX,SEX-MARITAL,MALE-SINGLE,PROGRAM_2,2014,7,3118
TX,SEX-MARITAL,MALE-SINGLE,TOTAL,2014,7,4366
FL,SEX-MARITAL,FEMALE-SINGLE,PROGRAM_1,2014,7,1860
FL,SEX-MARITAL,FEMALE-SINGLE,PROGRAM_2,2014,7,1166
FL,SEX-MARITAL,FEMALE-SINGLE,TOTAL,2014,7,3026
TX,SEX-MARITAL,FEMALE-SINGLE,PROGRAM_1,2014,7,1012
TX,SEX-MARITAL,FEMALE-SINGLE,PROGRAM_2,2014,7,3445
TX,SEX-MARITAL,FEMALE-SINGLE,TOTAL,2014,7,4457
FL,SEX-MARITAL,MALE-MARRIED,PROGRAM_1,2014,7,1859
FL,SEX-MARITAL,MALE-MARRIED,PROGRAM_2,2014,7,1804
FL,SEX-MARITAL,MALE-MARRIED,TOTAL,2014,7,3663
TX,SEX-MARITAL,MALE-MARRIED,PROGRAM_1,2014,7,1283
TX,SEX-MARITAL,MALE-MARRIED,PROGRAM_2,2014,7,6370
TX,SEX-MARITAL,MALE-MARRIED,TOTAL,2014,7,7653
FL,SEX-MARITAL,FEMALE-MARRIED,PROGRAM_1,2014,7,1314
FL,SEX-MARITAL,FEMALE-MARRIED,PROGRAM_2,2014,7,2932
FL,SEX-MARITAL,FEMALE-MARRIED,TOTAL,2014,7,4246
TX,SEX-MARITAL,FEMALE-MARRIED,PROGRAM_1,2014,7,3311
TX,SEX-MARITAL,FEMALE-MARRIED,PROGRAM_2,2014,7,3595
TX,SEX-MARITAL,FEMALE-MARRIED,TOTAL,2014,7,6906
FL,LIEN,LEIN,PROGRAM_1,2014,8,8933
FL,LIEN,LEIN,PROGRAM_2,2014,8,1117
FL,LIEN,LEIN,TOTAL,2014,8,10050
TX,LIEN,LEIN,PROGRAM_1,2014,8,1549
TX,LIEN,LEIN,PROGRAM_2,2014,8,1014
TX,LIEN,LEIN,TOTAL,2014,8,2563
FL,LIEN,NO LEIN,PROGRAM_1,2014,8,4820
FL,LIEN,NO LEIN,PROGRAM_2,2014,8,2443
FL,LIEN,NO LEIN,TOTAL,2014,8,7263
TX,LIEN,NO LEIN,PROGRAM_1,2014,8,4024
TX,LIEN,NO LEIN,PROGRAM_2,2014,8,2511
TX,LIEN,NO LEIN,TOTAL,2014,8,6535
FL,NEW OR RENEWAL,NEW,PROGRAM_1,2014,8,3352
FL,NEW OR RENEWAL,NEW,PROGRAM_2,2014,8,3028
FL,NEW OR RENEWAL,NEW,TOTAL,2014,8,6380
TX,NEW OR RENEWAL,NEW,PROGRAM_1,2014,8,448
TX,NEW OR RENEWAL,NEW,PROGRAM_2,2014,8,2575
TX,NEW OR RENEWAL,NEW,TOTAL,2014,8,3023
FL,NEW OR RENEWAL,RENEWAL,PROGRAM_1,2014,8,1093
FL,NEW OR RENEWAL,RENEWAL,PROGRAM_2,2014,8,3088
FL,NEW OR RENEWAL,RENEWAL,TOTAL,2014,8,4181
TX,NEW OR RENEWAL,RENEWAL,PROGRAM_1,2014,8,3548
TX,NEW OR RENEWAL,RENEWAL,PROGRAM_2,2014,8,2872
TX,NEW OR RENEWAL,RENEWAL,TOTAL,2014,8,6420
FL,SEX-MARITAL,MALE-SINGLE,PROGRAM_1,2014,8,2741
FL,SEX-MARITAL,MALE-SINGLE,PROGRAM_2,2014,8,1189
FL,SEX-MARITAL,MALE-SINGLE,TOTAL,2014,8,3930
TX,SEX-MARITAL,MALE-SINGLE,PROGRAM_1,2014,8,1367
TX,SEX-MARITAL,MALE-SINGLE,PROGRAM_2,2014,8,4080
TX,SEX-MARITAL,MALE-SINGLE,TOTAL,2014,8,5447
FL,SEX-MARITAL,FEMALE-SINGLE,PROGRAM_1,2014,8,1924
FL,SEX-MARITAL,FEMALE-SINGLE,PROGRAM_2,2014,8,1763
FL,SEX-MARITAL,FEMALE-SINGLE,TOTAL,2014,8,3687
TX,SEX-MARITAL,FEMALE-SINGLE,PROGRAM_1,2014,8,1398
TX,SEX-MARITAL,FEMALE-SINGLE,PROGRAM_2,2014,8,3784
TX,SEX-MARITAL,FEMALE-SINGLE,TOTAL,2014,8,5182
FL,SEX-MARITAL,MALE-MARRIED,PROGRAM_1,2014,8,2575
FL,SEX-MARITAL,MALE-MARRIED,PROGRAM_2,2014,8,2662
FL,SEX-MARITAL,MALE-MARRIED,TOTAL,2014,8,5237
TX,SEX-MARITAL,MALE-MARRIED,PROGRAM_1,2014,8,1777
TX,SEX-MARITAL,MALE-MARRIED,PROGRAM_2,2014,8,6624
TX,SEX-MARITAL,MALE-MARRIED,TOTAL,2014,8,8401
FL,SEX-MARITAL,FEMALE-MARRIED,PROGRAM_1,2014,8,1931
FL,SEX-MARITAL,FEMALE-MARRIED,PROGRAM_2,2014,8,3143
FL,SEX-MARITAL,FEMALE-MARRIED,TOTAL,2014,8,5074
TX,SEX-MARITAL,FEMALE-MARRIED,PROGRAM_1,2014,8,3696
TX,SEX-MARITAL,FEMALE-MARRIED,PROGRAM_2,2014,8,3671
TX,SEX-MARITAL,FEMALE-MARRIED,TOTAL,2014,8,7367
FL,LIEN,LEIN,PROGRAM_1,2014,9,10817
FL,LIEN,LEIN,PROGRAM_2,2014,9,1718
FL,LIEN,LEIN,TOTAL,2014,9,12535
TX,LIEN,LEIN,PROGRAM_1,2014,9,1971
TX,LIEN,LEIN,PROGRAM_2,2014,9,1011
TX,LIEN,LEIN,TOTAL,2014,9,2982
FL,LIEN,NO LEIN,PROGRAM_1,2014,9,6726
FL,LIEN,NO LEIN,PROGRAM_2,2014,9,3536
FL,LIEN,NO LEIN,TOTAL,2014,9,10262
TX,LIEN,NO LEIN,PROGRAM_1,2014,9,5238
TX,LIEN,NO LEIN,PROGRAM_2,2014,9,3634
TX,LIEN,NO LEIN,TOTAL,2014,9,8872
FL,NEW OR RENEWAL,NEW,PROGRAM_1,2014,9,4545
FL,NEW OR RENEWAL,NEW,PROGRAM_2,2014,9,3301
FL,NEW OR RENEWAL,NEW,TOTAL,2014,9,7846
TX,NEW OR RENEWAL,NEW,PROGRAM_1,2014,9,956
TX,NEW OR RENEWAL,NEW,PROGRAM_2,2014,9,2952
TX,NEW OR RENEWAL,NEW,TOTAL,2014,9,3908
FL,NEW OR RENEWAL,RENEWAL,PROGRAM_1,2014,9,1227
FL,NEW OR RENEWAL,RENEWAL,PROGRAM_2,2014,9,3764
FL,NEW OR RENEWAL,RENEWAL,TOTAL,2014,9,4991
TX,NEW OR RENEWAL,RENEWAL,PROGRAM_1,2014,9,3852
TX,NEW OR RENEWAL,RENEWAL,PROGRAM_2,2014,9,3146
TX,NEW OR RENEWAL,RENEWAL,TOTAL,2014,9,6998
FL,SEX-MARITAL,MALE-SINGLE,PROGRAM_1,2014,9,2628
FL,SEX-MARITAL,MALE-SINGLE,PROGRAM_2,2014,9,1161
FL,SEX-MARITAL,MALE-SINGLE,TOTAL,2014,9,3789
TX,SEX-MARITAL,MALE-SINGLE,PROGRAM_1,2014,9,2156
TX,SEX-MARITAL,MALE-SINGLE,PROGRAM_2,2014,9,5856
TX,SEX-MARITAL,MALE-SINGLE,TOTAL,2014,9,8012
FL,SEX-MARITAL,FEMALE-SINGLE,PROGRAM_1,2014,9,2068
FL,SEX-MARITAL,FEMALE-SINGLE,PROGRAM_2,2014,9,1893
FL,SEX-MARITAL,FEMALE-SINGLE,TOTAL,2014,9,3961
TX,SEX-MARITAL,FEMALE-SINGLE,PROGRAM_1,2014,9,1451
TX,SEX-MARITAL,FEMALE-SINGLE,PROGRAM_2,2014,9,5245
TX,SEX-MARITAL,FEMALE-SINGLE,TOTAL,2014,9,6696
FL,SEX-MARITAL,MALE-MARRIED,PROGRAM_1,2014,9,2974
FL,SEX-MARITAL,MALE-MARRIED,PROGRAM_2,2014,9,2837
FL,SEX-MARITAL,MALE-MARRIED,TOTAL,2014,9,5811
TX,SEX-MARITAL,MALE-MARRIED,PROGRAM_1,2014,9,2336
TX,SEX-MARITAL,MALE-MARRIED,PROGRAM_2,2014,9,7658
TX,SEX-MARITAL,MALE-MARRIED,TOTAL,2014,9,9994
FL,SEX-MARITAL,FEMALE-MARRIED,PROGRAM_1,2014,9,2201
FL,SEX-MARITAL,FEMALE-MARRIED,PROGRAM_2,2014,9,4202
FL,SEX-MARITAL,FEMALE-MARRIED,TOTAL,2014,9,6403
TX,SEX-MARITAL,FEMALE-MARRIED,PROGRAM_1,2014,9,4309
TX,SEX-MARITAL,FEMALE-MARRIED,PROGRAM_2,2014,9,4332
TX,SEX-MARITAL,FEMALE-MARRIED,TOTAL,2014,9,8641
FL,LIEN,LEIN,PROGRAM_1,2014,10,12371
FL,LIEN,LEIN,PROGRAM_2,2014,10,2302
FL,LIEN,LEIN,TOTAL,2014,10,14673
TX,LIEN,LEIN,PROGRAM_1,2014,10,2718
TX,LIEN,LEIN,PROGRAM_2,2014,10,1666
TX,LIEN,LEIN,TOTAL,2014,10,4384
FL,LIEN,NO LEIN,PROGRAM_1,2014,10,7161
FL,LIEN,NO LEIN,PROGRAM_2,2014,10,3848
FL,LIEN,NO LEIN,TOTAL,2014,10,11009
TX,LIEN,NO LEIN,PROGRAM_1,2014,10,5757
TX,LIEN,NO LEIN,PROGRAM_2,2014,10,3859
TX,LIEN,NO LEIN,TOTAL,2014,10,9616
FL,NEW OR RENEWAL,NEW,PROGRAM_1,2014,10,4792
FL,NEW OR RENEWAL,NEW,PROGRAM_2,2014,10,4302
FL,NEW OR RENEWAL,NEW,TOTAL,2014,10,9094
TX,NEW OR RENEWAL,NEW,PROGRAM_1,2014,10,980
TX,NEW OR RENEWAL,NEW,PROGRAM_2,2014,10,3206
TX,NEW OR RENEWAL,NEW,TOTAL,2014,10,4186
FL,NEW OR RENEWAL,RENEWAL,PROGRAM_1,2014,10,1992
FL,NEW OR RENEWAL,RENEWAL,PROGRAM_2,2014,10,5405
FL,NEW OR RENEWAL,RENEWAL,TOTAL,2014,10,7397
TX,NEW OR RENEWAL,RENEWAL,PROGRAM_1,2014,10,5347
TX,NEW OR RENEWAL,RENEWAL,PROGRAM_2,2014,10,3817
TX,NEW OR RENEWAL,RENEWAL,TOTAL,2014,10,9164
FL,SEX-MARITAL,MALE-SINGLE,PROGRAM_1,2014,10,3054
FL,SEX-MARITAL,MALE-SINGLE,PROGRAM_2,2014,10,1105
FL,SEX-MARITAL,MALE-SINGLE,TOTAL,2014,10,4159
TX,SEX-MARITAL,MALE-SINGLE,PROGRAM_1,2014,10,3140
TX,SEX-MARITAL,MALE-SINGLE,PROGRAM_2,2014,10,6191
TX,SEX-MARITAL,MALE-SINGLE,TOTAL,2014,10,9331
FL,SEX-MARITAL,FEMALE-SINGLE,PROGRAM_1,2014,10,2471
FL,SEX-MARITAL,FEMALE-SINGLE,PROGRAM_2,2014,10,1864
FL,SEX-MARITAL,FEMALE-SINGLE,TOTAL,2014,10,4335
TX,SEX-MARITAL,FEMALE-SINGLE,PROGRAM_1,2014,10,2144
TX,SEX-MARITAL,FEMALE-SINGLE,PROGRAM_2,2014,10,6902
TX,SEX-MARITAL,FEMALE-SINGLE,TOTAL,2014,10,9046
FL,SEX-MARITAL,MALE-MARRIED,PROGRAM_1,2014,10,3888
FL,SEX-MARITAL,MALE-MARRIED,PROGRAM_2,2014,10,4169
FL,SEX-MARITAL,MALE-MARRIED,TOTAL,2014,10,8057
TX,SEX-MARITAL,MALE-MARRIED,PROGRAM_1,2014,10,2577
TX,SEX-MARITAL,MALE-MARRIED,PROGRAM_2,2014,10,7866
TX,SEX-MARITAL,MALE-MARRIED,TOTAL,2014,10,10443
FL,SEX-MARITAL,FEMALE-MARRIED,PROGRAM_1,2014,10,2670
FL,SEX-MARITAL,FEMALE-MARRIED,PROGRAM_2,2014,10,5647
FL,SEX-MARITAL,FEMALE-MARRIED,TOTAL,2014,10,8317
TX,SEX-MARITAL,FEMALE-MARRIED,PROGRAM_1,2014,10,5050
TX,SEX-MARITAL,FEMALE-MARRIED,PROGRAM_2,2014,10,5472
TX,SEX-MARITAL,FEMALE-MARRIED,TOTAL,2014,10,10522
FL,LIEN,LEIN,PROGRAM_1,2014,11,15729
FL,LIEN,LEIN,PROGRAM_2,2014,11,3097
FL,LIEN,LEIN,TOTAL,2014,11,18826
TX,LIEN,LEIN,PROGRAM_1,2014,11,3593
TX,LIEN,LEIN,PROGRAM_2,2014,11,2023
TX,LIEN,LEIN,TOTAL,2014,11,5616
FL,LIEN,NO LEIN,PROGRAM_1,2014,11,8131
FL,LIEN,NO LEIN,PROGRAM_2,2014,11,4112
FL,LIEN,NO LEIN,TOTAL,2014,11,12243
TX,LIEN,NO LEIN,PROGRAM_1,2014,11,5950
TX,LIEN,NO LEIN,PROGRAM_2,2014,11,4113
TX,LIEN,NO LEIN,TOTAL,2014,11,10063
FL,NEW OR RENEWAL,NEW,PROGRAM_1,2014,11,5684
FL,NEW OR RENEWAL,NEW,PROGRAM_2,2014,11,4952
FL,NEW OR RENEWAL,NEW,TOTAL,2014,11,10636
TX,NEW OR RENEWAL,NEW,PROGRAM_1,2014,11,1344
TX,NEW OR RENEWAL,NEW,PROGRAM_2,2014,11,3097
TX,NEW OR RENEWAL,NEW,TOTAL,2014,11,4441
FL,NEW OR RENEWAL,RENEWAL,PROGRAM_1,2014,11,2382
FL,NEW OR RENEWAL,RENEWAL,PROGRAM_2,2014,11,6668
FL,NEW OR RENEWAL,RENEWAL,TOTAL,2014,11,9050
TX,NEW OR RENEWAL,RENEWAL,PROGRAM_1,2014,11,6747
TX,NEW OR RENEWAL,RENEWAL,PROGRAM_2,2014,11,4903
TX,NEW OR RENEWAL,RENEWAL,TOTAL,2014,11,11650
FL,SEX-MARITAL,MALE-SINGLE,PROGRAM_1,2014,11,3153
FL,SEX-MARITAL,MALE-SINGLE,PROGRAM_2,2014,11,1406
FL,SEX-MARITAL,MALE-SINGLE,TOTAL,2014,11,4559
TX,SEX-MARITAL,MALE-SINGLE,PROGRAM_1,2014,11,4142
TX,SEX-MARITAL,MALE-SINGLE,PROGRAM_2,2014,11,6509
TX,SEX-MARITAL,MALE-SINGLE,TOTAL,2014,11,10651
FL,SEX-MARITAL,FEMALE-SINGLE,PROGRAM_1,2014,11,2860
FL,SEX-MARITAL,FEMALE-SINGLE,PROGRAM_2,2014,11,2373
FL,SEX-MARITAL,FEMALE-SINGLE,TOTAL,2014,11,5233
TX,SEX-MARITAL,FEMALE-SINGLE,PROGRAM_1,2014,11,2339
TX,SEX-MARITAL,FEMALE-SINGLE,PROGRAM_2,2014,11,9669
TX,SEX-MARITAL,FEMALE-SINGLE,TOTAL,2014,11,12008
FL,SEX-MARITAL,MALE-MARRIED,PROGRAM_1,2014,11,4394
FL,SEX-MARITAL,MALE-MARRIED,PROGRAM_2,2014,11,5140
FL,SEX-MARITAL,MALE-MARRIED,TOTAL,2014,11,9534
TX,SEX-MARITAL,MALE-MARRIED,PROGRAM_1,2014,11,3613
TX,SEX-MARITAL,MALE-MARRIED,PROGRAM_2,2014,11,9076
TX,SEX-MARITAL,MALE-MARRIED,TOTAL,2014,11,12689
FL,SEX-MARITAL,FEMALE-MARRIED,PROGRAM_1,2014,11,2447
FL,SEX-MARITAL,FEMALE-MARRIED,PROGRAM_2,2014,11,6186
FL,SEX-MARITAL,FEMALE-MARRIED,TOTAL,2014,11,8633
TX,SEX-MARITAL,FEMALE-MARRIED,PROGRAM_1,2014,11,4957
TX,SEX-MARITAL,FEMALE-MARRIED,PROGRAM_2,2014,11,6067
TX,SEX-MARITAL,FEMALE-MARRIED,TOTAL,2014,11,11024
FL,LIEN,LEIN,PROGRAM_1,2014,12,17133
FL,LIEN,LEIN,PROGRAM_2,2014,12,3779
FL,LIEN,LEIN,TOTAL,2014,12,20912
TX,LIEN,LEIN,PROGRAM_1,2014,12,4108
TX,LIEN,LEIN,PROGRAM_2,2014,12,2511
TX,LIEN,LEIN,TOTAL,2014,12,6619
FL,LIEN,NO LEIN,PROGRAM_1,2014,12,10275
FL,LIEN,NO LEIN,PROGRAM_2,2014,12,4548
FL,LIEN,NO LEIN,TOTAL,2014,12,14823
TX,LIEN,NO LEIN,PROGRAM_1,2014,12,7685
TX,LIEN,NO LEIN,PROGRAM_2,2014,12,4877
TX,LIEN,NO LEIN,TOTAL,2014,12,12562
FL,NEW OR RENEWAL,NEW,PROGRAM_1,2014,12,6173
FL,NEW OR RENEWAL,NEW,PROGRAM_2,2014,12,5302
FL,NEW OR RENEWAL,NEW,TOTAL,2014,12,11475
TX,NEW OR RENEWAL,NEW,PROGRAM_1,2014,12,1394
TX,NEW OR RENEWAL,NEW,PROGRAM_2,2014,12,3152
TX,NEW OR RENEWAL,NEW,TOTAL,2014,12,4546
FL,NEW OR RENEWAL,RENEWAL,PROGRAM_1,2014,12,3594
FL,NEW OR RENEWAL,RENEWAL,PROGRAM_2,2014,12,7406
FL,NEW OR RENEWAL,RENEWAL,TOTAL,2014,12,11000
TX,NEW OR RENEWAL,RENEWAL,PROGRAM_1,2014,12,8531
TX,NEW OR RENEWAL,RENEWAL,PROGRAM_2,2014,12,5857
TX,NEW OR RENEWAL,RENEWAL,TOTAL,2014,12,14388
FL,SEX-MARITAL,MALE-SINGLE,PROGRAM_1,2014,12,4089
FL,SEX-MARITAL,MALE-SINGLE,PROGRAM_2,2014,12,2176
FL,SEX-MARITAL,MALE-SINGLE,TOTAL,2014,12,6265
TX,SEX-MARITAL,MALE-SINGLE,PROGRAM_1,2014,12,5386
TX,SEX-MARITAL,MALE-SINGLE,PROGRAM_2,2014,12,7559
TX,SEX-MARITAL,MALE-SINGLE,TOTAL,2014,12,12945
FL,SEX-MARITAL,FEMALE-SINGLE,PROGRAM_1,2014,12,3105
FL,SEX-MARITAL,FEMALE-SINGLE,PROGRAM_2,2014,12,2481
FL,SEX-MARITAL,FEMALE-SINGLE,TOTAL,2014,12,5586
TX,SEX-MARITAL,FEMALE-SINGLE,PROGRAM_1,2014,12,2959
TX,SEX-MARITAL,FEMALE-SINGLE,PROGRAM_2,2014,12,11892
TX,SEX-MARITAL,FEMALE-SINGLE,TOTAL,2014,12,14851
FL,SEX-MARITAL,MALE-MARRIED,PROGRAM_1,2014,12,5592
FL,SEX-MARITAL,MALE-MARRIED,PROGRAM_2,2014,12,5544
FL,SEX-MARITAL,MALE-MARRIED,TOTAL,2014,12,11136
TX,SEX-MARITAL,MALE-MARRIED,PROGRAM_1,2014,12,3929
TX,SEX-MARITAL,MALE-MARRIED,PROGRAM_2,2014,12,11628
TX,SEX-MARITAL,MALE-MARRIED,TOTAL,2014,12,15557
FL,SEX-MARITAL,FEMALE-MARRIED,PROGRAM_1,2014,12,2875
FL,SEX-MARITAL,FEMALE-MARRIED,PROGRAM_2,2014,12,7673
FL,SEX-MARITAL,FEMALE-MARRIED,TOTAL,2014,12,10548
TX,SEX-MARITAL,FEMALE-MARRIED,PROGRAM_1,2014,12,6574
TX,SEX-MARITAL,FEMALE-MARRIED,PROGRAM_2,2014,12,7361
TX,SEX-MARITAL,FEMALE-MARRIED,TOTAL,2014,12,13935
FL,LIEN,LEIN,PROGRAM_1,2015,1,17525
FL,LIEN,LEIN,PROGRAM_2,2015,1,4975
FL,LIEN,LEIN,TOTAL,2015,1,22500
TX,LIEN,LEIN,PROGRAM_1,2015,1,4051
TX,LIEN,LEIN,PROGRAM_2,2015,1,3336
TX,LIEN,LEIN,TOTAL,2015,1,7387
FL,LIEN,NO LEIN,PROGRAM_1,2015,1,13169
FL,LIEN,NO LEIN,PROGRAM_2,2015,1,4884
FL,LIEN,NO LEIN,TOTAL,2015,1,18053
TX,LIEN,NO LEIN,PROGRAM_1,2015,1,8432
TX,LIEN,NO LEIN,PROGRAM_2,2015,1,6760
TX,LIEN,NO LEIN,TOTAL,2015,1,15192
FL,NEW OR RENEWAL,NEW,PROGRAM_1,2015,1,7283
FL,NEW OR RENEWAL,NEW,PROGRAM_2,2015,1,6171
FL,NEW OR RENEWAL,NEW,TOTAL,2015,1,13454
TX,NEW OR RENEWAL,NEW,PROGRAM_1,2015,1,1326
TX,NEW OR RENEWAL,NEW,PROGRAM_2,2015,1,4638
TX,NEW OR RENEWAL,NEW,TOTAL,2015,1,5964
FL,NEW OR RENEWAL,RENEWAL,PROGRAM_1,2015,1,4544
FL,NEW OR RENEWAL,RENEWAL,PROGRAM_2,2015,1,7685
FL,NEW OR RENEWAL,RENEWAL,TOTAL,2015,1,12229
TX,NEW OR RENEWAL,RENEWAL,PROGRAM_1,2015,1,8755
TX,NEW OR RENEWAL,RENEWAL,PROGRAM_2,2015,1,7542
TX,NEW OR RENEWAL,RENEWAL,TOTAL,2015,1,16297
FL,SEX-MARITAL,MALE-SINGLE,PROGRAM_1,2015,1,4628
FL,SEX-MARITAL,MALE-SINGLE,PROGRAM_2,2015,1,2380
FL,SEX-MARITAL,MALE-SINGLE,TOTAL,2015,1,7008
TX,SEX-MARITAL,MALE-SINGLE,PROGRAM_1,2015,1,6299
TX,SEX-MARITAL,MALE-SINGLE,PROGRAM_2,2015,1,7614
TX,SEX-MARITAL,MALE-SINGLE,TOTAL,2015,1,13913
FL,SEX-MARITAL,FEMALE-SINGLE,PROGRAM_1,2015,1,4103
FL,SEX-MARITAL,FEMALE-SINGLE,PROGRAM_2,2015,1,3375
FL,SEX-MARITAL,FEMALE-SINGLE,TOTAL,2015,1,7478
TX,SEX-MARITAL,FEMALE-SINGLE,PROGRAM_1,2015,1,3263
TX,SEX-MARITAL,FEMALE-SINGLE,PROGRAM_2,2015,1,16193
TX,SEX-MARITAL,FEMALE-SINGLE,TOTAL,2015,1,19456
FL,SEX-MARITAL,MALE-MARRIED,PROGRAM_1,2015,1,5970
FL,SEX-MARITAL,MALE-MARRIED,PROGRAM_2,2015,1,5772
FL,SEX-MARITAL,MALE-MARRIED,TOTAL,2015,1,11742
TX,SEX-MARITAL,MALE-MARRIED,PROGRAM_1,2015,1,4487
TX,SEX-MARITAL,MALE-MARRIED,PROGRAM_2,2015,1,13164
TX,SEX-MARITAL,MALE-MARRIED,TOTAL,2015,1,17651
FL,SEX-MARITAL,FEMALE-MARRIED,PROGRAM_1,2015,1,3336
FL,SEX-MARITAL,FEMALE-MARRIED,PROGRAM_2,2015,1,7941
FL,SEX-MARITAL,FEMALE-MARRIED,TOTAL,2015,1,11277
TX,SEX-MARITAL,FEMALE-MARRIED,PROGRAM_1,2015,1,7168
TX,SEX-MARITAL,FEMALE-MARRIED,PROGRAM_2,2015,1,8295
TX,SEX-MARITAL,FEMALE-MARRIED,TOTAL,2015,1,15463
FL,LIEN,LEIN,PROGRAM_1,2015,2,22596
FL,LIEN,LEIN,PROGRAM_2,2015,2,5592
FL,LIEN,LEIN,TOTAL,2015,2,28188
TX,LIEN,LEIN,PROGRAM_1,2015,2,3829
TX,LIEN,LEIN,PROGRAM_2,2015,2,4761
TX,LIEN,LEIN,TOTAL,2015,2,8590
FL,LIEN,NO LEIN,PROGRAM_1,2015,2,14898
FL,LIEN,NO LEIN,PROGRAM_2,2015,2,5646
FL,LIEN,NO LEIN,TOTAL,2015,2,20544
TX,LIEN,NO LEIN,PROGRAM_1,2015,2,9866
TX,LIEN,NO LEIN,PROGRAM_2,2015,2,6974
TX,LIEN,NO LEIN,TOTAL,2015,2,16840
FL,NEW OR RENEWAL,NEW,PROGRAM_1,2015,2,8647
FL,NEW OR RENEWAL,NEW,PROGRAM_2,2015,2,6813
FL,NEW OR RENEWAL,NEW,TOTAL,2015,2,15460
TX,NEW OR RENEWAL,NEW,PROGRAM_1,2015,2,1890
TX,NEW OR RENEWAL,NEW,PROGRAM_2,2015,2,6018
TX,NEW OR RENEWAL,NEW,TOTAL,2015,2,7908
FL,NEW OR RENEWAL,RENEWAL,PROGRAM_1,2015,2,4668
FL,NEW OR RENEWAL,RENEWAL,PROGRAM_2,2015,2,9721
FL,NEW OR RENEWAL,RENEWAL,TOTAL,2015,2,14389
TX,NEW OR RENEWAL,RENEWAL,PROGRAM_1,2015,2,8784
TX,NEW OR RENEWAL,RENEWAL,PROGRAM_2,2015,2,9502
TX,NEW OR RENEWAL,RENEWAL,TOTAL,2015,2,18286
FL,SEX-MARITAL,MALE-SINGLE,PROGRAM_1,2015,2,4292
FL,SEX-MARITAL,MALE-SINGLE,PROGRAM_2,2015,2,3598
FL,SEX-MARITAL,MALE-SINGLE,TOTAL,2015,2,7890
TX,SEX-MARITAL,MALE-SINGLE,PROGRAM_1,2015,2,7348
TX,SEX-MARITAL,MALE-SINGLE,PROGRAM_2,2015,2,9258
TX,SEX-MARITAL,MALE-SINGLE,TOTAL,2015,2,16606
FL,SEX-MARITAL,FEMALE-SINGLE,PROGRAM_1,2015,2,4989
FL,SEX-MARITAL,FEMALE-SINGLE,PROGRAM_2,2015,2,4354
FL,SEX-MARITAL,FEMALE-SINGLE,TOTAL,2015,2,9343
TX,SEX-MARITAL,FEMALE-SINGLE,PROGRAM_1,2015,2,3727
TX,SEX-MARITAL,FEMALE-SINGLE,PROGRAM_2,2015,2,19158
TX,SEX-MARITAL,FEMALE-SINGLE,TOTAL,2015,2,22885
FL,SEX-MARITAL,MALE-MARRIED,PROGRAM_1,2015,2,6313
FL,SEX-MARITAL,MALE-MARRIED,PROGRAM_2,2015,2,7234
FL,SEX-MARITAL,MALE-MARRIED,TOTAL,2015,2,13547
TX,SEX-MARITAL,MALE-MARRIED,PROGRAM_1,2015,2,5864
TX,SEX-MARITAL,MALE-MARRIED,PROGRAM_2,2015,2,12851
TX,SEX-MARITAL,MALE-MARRIED,TOTAL,2015,2,18715
FL,SEX-MARITAL,FEMALE-MARRIED,PROGRAM_1,2015,2,4263
FL,SEX-MARITAL,FEMALE-MARRIED,PROGRAM_2,2015,2,7385
FL,SEX-MARITAL,FEMALE-MARRIED,TOTAL,2015,2,11648
TX,SEX-MARITAL,FEMALE-MARRIED,PROGRAM_1,2015,2,7246
TX,SEX-MARITAL,FEMALE-MARRIED,PROGRAM_2,2015,2,9808
TX,SEX-MARITAL,FEMALE-MARRIED,TOTAL,2015,2,17054
FL,LIEN,LEIN,PROGRAM_1,2015,3,25614
FL,LIEN,LEIN,PROGRAM_2,2015,3,6894
FL,LIEN,LEIN,TOTAL,2015,3,32508
TX,LIEN,LEIN,PROGRAM_1,2015,3,4884
TX,LIEN,LEIN,PROGRAM_2,2015,3,5957
TX,LIEN,LEIN,TOTAL,2015,3,10841
FL,LIEN,NO LEIN,PROGRAM_1,2015,3,19685
FL,LIEN,NO LEIN,PROGRAM_2,2015,3,7134
FL,LIEN,NO LEIN,TOTAL,2015,3,26819
TX,LIEN,NO LEIN,PROGRAM_1,2015,3,13035
TX,LIEN,NO LEIN,PROGRAM_2,2015,3,8640
TX,LIEN,NO LEIN,TOTAL,2015,3,21675
FL,NEW OR RENEWAL,NEW,PROGRAM_1,2015,3,11373
FL,NEW OR RENEWAL,NEW,PROGRAM_2,2015,3,6979
FL,NEW OR RENEWAL,NEW,TOTAL,2015,3,18352
TX,NEW OR RENEWAL,NEW,PROGRAM_1,2015,3,2392
TX,NEW OR RENEWAL,NEW,PROGRAM_2,2015,3,7557
TX,NEW OR RENEWAL,NEW,TOTAL,2015,3,9949
FL,NEW OR RENEWAL,RENEWAL,PROGRAM_1,2015,3,5152
FL,NEW OR RENEWAL,RENEWAL,PROGRAM_2,2015,3,11390
FL,NEW OR RENEWAL,RENEWAL,TOTAL,2015,3,16542
TX,NEW OR RENEWAL,RENEWAL,PROGRAM_1,2015,3,10148
TX,NEW OR RENEWAL,RENEWAL,PROGRAM_2,2015,3,10348
TX,NEW OR RENEWAL,RENEWAL,TOTAL,2015,3,20496
FL,SEX-MARITAL,MALE-SINGLE,PROGRAM_1,2015,3,6214
FL,SEX-MARITAL,MALE-SINGLE,PROGRAM_2,2015,3,4825
FL,SEX-MARITAL,MALE-SINGLE,TOTAL,2015,3,11039
TX,SEX-MARITAL,MALE-SINGLE,PROGRAM_1,2015,3,8441
TX,SEX-MARITAL,MALE-SINGLE,PROGRAM_2,2015,3,9366
TX,SEX-MARITAL,MALE-SINGLE,TOTAL,2015,3,17807
FL,SEX-MARITAL,FEMALE-SINGLE,PROGRAM_1,2015,3,6518
FL,SEX-MARITAL,FEMALE-SINGLE,PROGRAM_2,2015,3,4784
FL,SEX-MARITAL,FEMALE-SINGLE,TOTAL,2015,3,11302
TX,SEX-MARITAL,FEMALE-SINGLE,PROGRAM_1,2015,3,4654
TX,SEX-MARITAL,FEMALE-SINGLE,PROGRAM_2,2015,3,24970
TX,SEX-MARITAL,FEMALE-SINGLE,TOTAL,2015,3,29624
FL,SEX-MARITAL,MALE-MARRIED,PROGRAM_1,2015,3,7482
FL,SEX-MARITAL,MALE-MARRIED,PROGRAM_2,2015,3,9104
FL,SEX-MARITAL,MALE-MARRIED,TOTAL,2015,3,16586
TX,SEX-MARITAL,MALE-MARRIED,PROGRAM_1,2015,3,6139
TX,SEX-MARITAL,MALE-MARRIED,PROGRAM_2,2015,3,12913
TX,SEX-MARITAL,MALE-MARRIED,TOTAL,2015,3,19052
FL,SEX-MARITAL,FEMALE-MARRIED,PROGRAM_1,2015,3,4957
FL,SEX-MARITAL,FEMALE-MARRIED,PROGRAM_2,2015,3,8200
FL,SEX-MARITAL,FEMALE-MARRIED,TOTAL,2015,3,13157
TX,SEX-MARITAL,FEMALE-MARRIED,PROGRAM_1,2015,3,8818
TX,SEX-MARITAL,FEMALE-MARRIED,PROGRAM_2,2015,3,11444
TX,SEX-MARITAL,FEMALE-MARRIED,TOTAL,2015,3,20262
FL,LIEN,LEIN,PROGRAM_1,2015,4,29869
FL,LIEN,LEIN,PROGRAM_2,2015,4,8686
FL,LIEN,LEIN,TOTAL,2015,4,38555
TX,LIEN,LEIN,PROGRAM_1,2015,4,4974
TX,LIEN,LEIN,PROGRAM_2,2015,4,6445
TX,LIEN,LEIN,TOTAL,2015,4,11419
FL,LIEN,NO LEIN,PROGRAM_1,2015,4,25735
FL,LIEN,NO LEIN,PROGRAM_2,2015,4,9146
FL,LIEN,NO LEIN,TOTAL,2015,4,34881
TX,LIEN,NO LEIN,PROGRAM_1,2015,4,13893
TX,LIEN,NO LEIN,PROGRAM_2,2015,4,9770
TX,LIEN,NO LEIN,TOTAL,2015,4,23663
FL,NEW OR RENEWAL,NEW,PROGRAM_1,2015,4,12039
FL,NEW OR RENEWAL,NEW,PROGRAM_2,2015,4,9300
FL,NEW OR RENEWAL,NEW,TOTAL,2015,4,21339
TX,NEW OR RENEWAL,NEW,PROGRAM_1,2015,4,2771
TX,NEW OR RENEWAL,NEW,PROGRAM_2,2015,4,10447
TX,NEW OR RENEWAL,NEW,TOTAL,2015,4,13218
FL,NEW OR RENEWAL,RENEWAL,PROGRAM_1,2015,4,7293
FL,NEW OR RENEWAL,RENEWAL,PROGRAM_2,2015,4,13661
FL,NEW OR RENEWAL,RENEWAL,TOTAL,2015,4,20954
TX,NEW OR RENEWAL,RENEWAL,PROGRAM_1,2015,4,11606
TX,NEW OR RENEWAL,RENEWAL,PROGRAM_2,2015,4,12547
TX,NEW OR RENEWAL,RENEWAL,TOTAL,2015,4,24153
FL,SEX-MARITAL,MALE-SINGLE,PROGRAM_1,2015,4,7980
FL,SEX-MARITAL,MALE-SINGLE,PROGRAM_2,2015,4,6721
FL,SEX-MARITAL,MALE-SINGLE,TOTAL,2015,4,14701
TX,SEX-MARITAL,MALE-SINGLE,PROGRAM_1,2015,4,9160
TX,SEX-MARITAL,MALE-SINGLE,PROGRAM_2,2015,4,11291
TX,SEX-MARITAL,MALE-SINGLE,TOTAL,2015,4,20451
FL,SEX-MARITAL,FEMALE-SINGLE,PROGRAM_1,2015,4,6277
FL,SEX-MARITAL,FEMALE-SINGLE,PROGRAM_2,2015,4,4677
FL,SEX-MARITAL,FEMALE-SINGLE,TOTAL,2015,4,10954
TX,SEX-MARITAL,FEMALE-SINGLE,PROGRAM_1,2015,4,4858
TX,SEX-MARITAL,FEMALE-SINGLE,PROGRAM_2,2015,4,28108
TX,SEX-MARITAL,FEMALE-SINGLE,TOTAL,2015,4,32966
FL,SEX-MARITAL,MALE-MARRIED,PROGRAM_1,2015,4,7289
FL,SEX-MARITAL,MALE-MARRIED,PROGRAM_2,2015,4,10551
FL,SEX-MARITAL,MALE-MARRIED,TOTAL,2015,4,17840
TX,SEX-MARITAL,MALE-MARRIED,PROGRAM_1,2015,4,7176
TX,SEX-MARITAL,MALE-MARRIED,PROGRAM_2,2015,4,12698
TX,SEX-MARITAL,MALE-MARRIED,TOTAL,2015,4,19874
FL,SEX-MARITAL,FEMALE-MARRIED,PROGRAM_1,2015,4,6445
FL,SEX-MARITAL,FEMALE-MARRIED,PROGRAM_2,2015,4,10951
FL,SEX-MARITAL,FEMALE-MARRIED,TOTAL,2015,4,17396
TX,SEX-MARITAL,FEMALE-MARRIED,PROGRAM_1,2015,4,11184
TX,SEX-MARITAL,FEMALE-MARRIED,PROGRAM_2,2015,4,14874
TX,SEX-MARITAL,FEMALE-MARRIED,TOTAL,2015,4,26058
FL,LIEN,LEIN,PROGRAM_1,2015,5,30889
FL,LIEN,LEIN,PROGRAM_2,2015,5,8778
FL,LIEN,LEIN,TOTAL,2015,5,39667
TX,LIEN,LEIN,PROGRAM_1,2015,5,6493
TX,LIEN,LEIN,PROGRAM_2,2015,5,7717
TX,LIEN,LEIN,TOTAL,2015,5,14210
FL,LIEN,NO LEIN,PROGRAM_1,2015,5,27342
FL,LIEN,NO LEIN,PROGRAM_2,2015,5,9280
FL,LIEN,NO LEIN,TOTAL,2015,5,36622
TX,LIEN,NO LEIN,PROGRAM_1,2015,5,18349
TX,LIEN,NO LEIN,PROGRAM_2,2015,5,11466
TX,LIEN,NO LEIN,TOTAL,2015,5,29815
FL,NEW OR RENEWAL,NEW,PROGRAM_1,2015,5,15491
FL,NEW OR RENEWAL,NEW,PROGRAM_2,2015,5,11621
FL,NEW OR RENEWAL,NEW,TOTAL,2015,5,27112
TX,NEW OR RENEWAL,NEW,PROGRAM_1,2015,5,2796
TX,NEW OR RENEWAL,NEW,PROGRAM_2,2015,5,13267
TX,NEW OR RENEWAL,NEW,TOTAL,2015,5,16063
FL,NEW OR RENEWAL,RENEWAL,PROGRAM_1,2015,5,7628
FL,NEW OR RENEWAL,RENEWAL,PROGRAM_2,2015,5,15673
FL,NEW OR RENEWAL,RENEWAL,TOTAL,2015,5,23301
TX,NEW OR RENEWAL,RENEWAL,PROGRAM_1,2015,5,13431
TX,NEW OR RENEWAL,RENEWAL,PROGRAM_2,2015,5,12978
TX,NEW OR RENEWAL,RENEWAL,TOTAL,2015,5,26409
FL,SEX-MARITAL,MALE-SINGLE,PROGRAM_1,2015,5,10143
FL,SEX-MARITAL,MALE-SINGLE,PROGRAM_2,2015,5,8255
FL,SEX-MARITAL,MALE-SINGLE,TOTAL,2015,5,18398
TX,SEX-MARITAL,MALE-SINGLE,PROGRAM_1,2015,5,9232
TX,SEX-MARITAL,MALE-SINGLE,PROGRAM_2,2015,5,13025
TX,SEX-MARITAL,MALE-SINGLE,TOTAL,2015,5,22257
FL,SEX-MARITAL,FEMALE-SINGLE,PROGRAM_1,2015,5,7842
FL,SEX-MARITAL,FEMALE-SINGLE,PROGRAM_2,2015,5,5522
FL,SEX-MARITAL,FEMALE-SINGLE,TOTAL,2015,5,13364
TX,SEX-MARITAL,FEMALE-SINGLE,PROGRAM_1,2015,5,5046
TX,SEX-MARITAL,FEMALE-SINGLE,PROGRAM_2,2015,5,28055
TX,SEX-MARITAL,FEMALE-SINGLE,TOTAL,2015,5,33101
FL,SEX-MARITAL,MALE-MARRIED,PROGRAM_1,2015,5,7072
FL,SEX-MARITAL,MALE-MARRIED,PROGRAM_2,2015,5,12230
FL,SEX-MARITAL,MALE-MARRIED,TOTAL,2015,5,19302
TX,SEX-MARITAL,MALE-MARRIED,PROGRAM_1,2015,5,8119
TX,SEX-MARITAL,MALE-MARRIED,PROGRAM_2,2015,5,14113
TX,SEX-MARITAL,MALE-MARRIED,TOTAL,2015,5,22232
FL,SEX-MARITAL,FEMALE-MARRIED,PROGRAM_1,2015,5,6835
FL,SEX-MARITAL,FEMALE-MARRIED,PROGRAM_2,2015,5,13706
FL,SEX-MARITAL,FEMALE-MARRIED,TOTAL,2015,5,20541
TX,SEX-MARITAL,FEMALE-MARRIED,PROGRAM_1,2015,5,14803
TX,SEX-MARITAL,FEMALE-MARRIED,PROGRAM_2,2015,5,16014
TX,SEX-MARITAL,FEMALE-MARRIED,TOTAL,2015,5,30817
FL,LIEN,LEIN,PROGRAM_1,2015,6,33394
FL,LIEN,LEIN,PROGRAM_2,2015,6,8860
FL,LIEN,LEIN,TOTAL,2015,6,42254
TX,LIEN,LEIN,PROGRAM_1,2015,6,8421
TX,LIEN,LEIN,PROGRAM_2,2015,6,9106
TX,LIEN,LEIN,TOTAL,2015,6,17527
FL,LIEN,NO LEIN,PROGRAM_1,2015,6,30535
FL,LIEN,NO LEIN,PROGRAM_2,2015,6,10885
FL,LIEN,NO LEIN,TOTAL,2015,6,41420
TX,LIEN,NO LEIN,PROGRAM_1,2015,6,20704
TX,LIEN,NO LEIN,PROGRAM_2,2015,6,13758
TX,LIEN,NO LEIN,TOTAL,2015,6,34462
FL,NEW OR RENEWAL,NEW,PROGRAM_1,2015,6,19897
FL,NEW OR RENEWAL,NEW,PROGRAM_2,2015,6,13737
FL,NEW OR RENEWAL,NEW,TOTAL,2015,6,33634
TX,NEW OR RENEWAL,NEW,PROGRAM_1,2015,6,2650
TX,NEW OR RENEWAL,NEW,PROGRAM_2,2015,6,15963
TX,NEW OR RENEWAL,NEW,TOTAL,2015,6,18613
FL,NEW OR RENEWAL,RENEWAL,PROGRAM_1,2015,6,8628
FL,NEW OR RENEWAL,RENEWAL,PROGRAM_2,2015,6,19230
FL,NEW OR RENEWAL,RENEWAL,TOTAL,2015,6,27858
TX,NEW OR RENEWAL,RENEWAL,PROGRAM_1,2015,6,15458
TX,NEW OR RENEWAL,RENEWAL,PROGRAM_2,2015,6,13381
TX,NEW OR RENEWAL,RENEWAL,TOTAL,2015,6,28839
FL,SEX-MARITAL,MALE-SINGLE,PROGRAM_1,2015,6,12919
FL,SEX-MARITAL,MALE-SINGLE,PROGRAM_2,2015,6,9128
FL,SEX-MARITAL,MALE-SINGLE,TOTAL,2015,6,22047
TX,SEX-MARITAL,MALE-SINGLE,PROGRAM_1,2015,6,9046
TX,SEX-MARITAL,MALE-SINGLE,PROGRAM_2,2015,6,15911
TX,SEX-MARITAL,MALE-SINGLE,TOTAL,2015,6,24957
FL,SEX-MARITAL,FEMALE-SINGLE,PROGRAM_1,2015,6,9400
FL,SEX-MARITAL,FEMALE-SINGLE,PROGRAM_2,2015,6,5800
FL,SEX-MARITAL,FEMALE-SINGLE,TOTAL,2015,6,15200
TX,SEX-MARITAL,FEMALE-SINGLE,PROGRAM_1,2015,6,6959
TX,SEX-MARITAL,FEMALE-SINGLE,PROGRAM_2,2015,6,34846
TX,SEX-MARITAL,FEMALE-SINGLE,TOTAL,2015,6,41805
FL,SEX-MARITAL,MALE-MARRIED,PROGRAM_1,2015,6,6625
FL,SEX-MARITAL,MALE-MARRIED,PROGRAM_2,2015,6,15232
FL,SEX-MARITAL,MALE-MARRIED,TOTAL,2015,6,21857
TX,SEX-MARITAL,MALE-MARRIED,PROGRAM_1,2015,6,10912
TX,SEX-MARITAL,MALE-MARRIED,PROGRAM_2,2015,6,14252
TX,SEX-MARITAL,MALE-MARRIED,TOTAL,2015,6,25164
FL,SEX-MARITAL,FEMALE-MARRIED,PROGRAM_1,2015,6,9268
FL,SEX-MARITAL,FEMALE-MARRIED,PROGRAM_2,2015,6,16647
FL,SEX-MARITAL,FEMALE-MARRIED,TOTAL,2015,6,25915
TX,SEX-MARITAL,FEMALE-MARRIED,PROGRAM_1,2015,6,16221
TX,SEX-MARITAL,FEMALE-MARRIED,PROGRAM_2,2015,6,20738
TX,SEX-MARITAL,FEMALE-MARRIED,TOTAL,2015,6,36959
FL,LIEN,LEIN,PROGRAM_1,2015,7,35024
FL,LIEN,LEIN,PROGRAM_2,2015,7,11457
FL,LIEN,LEIN,TOTAL,2015,7,46481
TX,LIEN,LEIN,PROGRAM_1,2015,7,10119
TX,LIEN,LEIN,PROGRAM_2,2015,7,10037
TX,LIEN,LEIN,TOTAL,2015,7,20156
FL,LIEN,NO LEIN,PROGRAM_1,2015,7,40364
FL,LIEN,NO LEIN,PROGRAM_2,2015,7,12587
FL,LIEN,NO LEIN,TOTAL,2015,7,52951
TX,LIEN,NO LEIN,PROGRAM_1,2015,7,25984
TX,LIEN,NO LEIN,PROGRAM_2,2015,7,15888
TX,LIEN,NO LEIN,TOTAL,2015,7,41872
FL,NEW OR RENEWAL,NEW,PROGRAM_1,2015,7,20764
FL,NEW OR RENEWAL,NEW,PROGRAM_2,2015,7,14810
FL,NEW OR RENEWAL,NEW,TOTAL,2015,7,35574
TX,NEW OR RENEWAL,NEW,PROGRAM_1,2015,7,3015
TX,NEW OR RENEWAL,NEW,PROGRAM_2,2015,7,21134
TX,NEW OR RENEWAL,NEW,TOTAL,2015,7,24149
FL,NEW OR RENEWAL,RENEWAL,PROGRAM_1,2015,7,10625
FL,NEW OR RENEWAL,RENEWAL,PROGRAM_2,2015,7,24240
FL,NEW OR RENEWAL,RENEWAL,TOTAL,2015,7,34865
TX,NEW OR RENEWAL,RENEWAL,PROGRAM_1,2015,7,17456
TX,NEW OR RENEWAL,RENEWAL,PROGRAM_2,2015,7,16684
TX,NEW OR RENEWAL,RENEWAL,TOTAL,2015,7,34140
FL,SEX-MARITAL,MALE-SINGLE,PROGRAM_1,2015,7,12654
FL,SEX-MARITAL,MALE-SINGLE,PROGRAM_2,2015,7,8967
FL,SEX-MARITAL,MALE-SINGLE,TOTAL,2015,7,21621
TX,SEX-MARITAL,MALE-SINGLE,PROGRAM_1,2015,7,12181
TX,SEX-MARITAL,MALE-SINGLE,PROGRAM_2,2015,7,17053
TX,SEX-MARITAL,MALE-SINGLE,TOTAL,2015,7,29234
FL,SEX-MARITAL,FEMALE-SINGLE,PROGRAM_1,2015,7,11497
FL,SEX-MARITAL,FEMALE-SINGLE,PROGRAM_2,2015,7,6021
FL,SEX-MARITAL,FEMALE-SINGLE,TOTAL,2015,7,17518
TX,SEX-MARITAL,FEMALE-SINGLE,PROGRAM_1,2015,7,7463
TX,SEX-MARITAL,FEMALE-SINGLE,PROGRAM_2,2015,7,36224
TX,SEX-MARITAL,FEMALE-SINGLE,TOTAL,2015,7,43687
FL,SEX-MARITAL,MALE-MARRIED,PROGRAM_1,2015,7,8879
FL,SEX-MARITAL,MALE-MARRIED,PROGRAM_2,2015,7,16189
FL,SEX-MARITAL,MALE-MARRIED,TOTAL,2015,7,25068
TX,SEX-MARITAL,MALE-MARRIED,PROGRAM_1,2015,7,13646
TX,SEX-MARITAL,MALE-MARRIED,PROGRAM_2,2015,7,17962
TX,SEX-MARITAL,MALE-MARRIED,TOTAL,2015,7,31608
FL,SEX-MARITAL,FEMALE-MARRIED,PROGRAM_1,2015,7,9556
FL,SEX-MARITAL,FEMALE-MARRIED,PROGRAM_2,2015,7,20210
FL,SEX-MARITAL,FEMALE-MARRIED,TOTAL,2015,7,29766
TX,SEX-MARITAL,FEMALE-MARRIED,PROGRAM_1,2015,7,19268
TX,SEX-MARITAL,FEMALE-MARRIED,PROGRAM_2,2015,7,20597
TX,SEX-MARITAL,FEMALE-MARRIED,TOTAL,2015,7,39865
FL,LIEN,LEIN,PROGRAM_1,2015,8,38640
FL,LIEN,LEIN,PROGRAM_2,2015,8,14542
FL,LIEN,LEIN,TOTAL,2015,8,53182
TX,LIEN,LEIN,PROGRAM_1,2015,8,13014
TX,LIEN,LEIN,PROGRAM_2,2015,8,10901
TX,LIEN,LEIN,TOTAL,2015,8,23915
FL,LIEN,NO LEIN,PROGRAM_1,2015,8,39952
FL,LIEN,NO LEIN,PROGRAM_2,2015,8,15314
FL,LIEN,NO LEIN,TOTAL,2015,8,55266
TX,LIEN,NO LEIN,PROGRAM_1,2015,8,31929
TX,LIEN,NO LEIN,PROGRAM_2,2015,8,20695
TX,LIEN,NO LEIN,TOTAL,2015,8,52624
FL,NEW OR RENEWAL,NEW,PROGRAM_1,2015,8,22574
FL,NEW OR RENEWAL,NEW,PROGRAM_2,2015,8,15251
FL,NEW OR RENEWAL,NEW,TOTAL,2015,8,37825
TX,NEW OR RENEWAL,NEW,PROGRAM_1,2015,8,4394
TX,NEW OR RENEWAL,NEW,PROGRAM_2,2015,8,21294
TX,NEW OR RENEWAL,NEW,TOTAL,2015,8,25688
FL,NEW OR RENEWAL,RENEWAL,PROGRAM_1,2015,8,13848
FL,NEW OR RENEWAL,RENEWAL,PROGRAM_2,2015,8,27973
FL,NEW OR RENEWAL,RENEWAL,TOTAL,2015,8,41821
TX,NEW OR RENEWAL,RENEWAL,PROGRAM_1,2015,8,23326
TX,NEW OR RENEWAL,RENEWAL,PROGRAM_2,2015,8,18768
TX,NEW OR RENEWAL,RENEWAL,TOTAL,2015,8,42094
FL,SEX-MARITAL,MALE-SINGLE,PROGRAM_1,2015,8,13979
FL,SEX-MARITAL,MALE-SINGLE,PROGRAM_2,2015,8,8701
FL,SEX-MARITAL,MALE-SINGLE,TOTAL,2015,8,22680
TX,SEX-MARITAL,MALE-SINGLE,PROGRAM_1,2015,8,13518
TX,SEX-MARITAL,MALE-SINGLE,PROGRAM_2,2015,8,17465
TX,SEX-MARITAL,MALE-SINGLE,TOTAL,2015,8,30983
FL,SEX-MARITAL,FEMALE-SINGLE,PROGRAM_1,2015,8,14818
FL,SEX-MARITAL,FEMALE-SINGLE,PROGRAM_2,2015,8,8237
FL,SEX-MARITAL,FEMALE-SINGLE,TOTAL,2015,8,23055
TX,SEX-MARITAL,FEMALE-SINGLE,PROGRAM_1,2015,8,8919
TX,SEX-MARITAL,FEMALE-SINGLE,PROGRAM_2,2015,8,46333
TX,SEX-MARITAL,FEMALE-SINGLE,TOTAL,2015,8,55252
FL,SEX-MARITAL,MALE-MARRIED,PROGRAM_1,2015,8,9250
FL,SEX-MARITAL,MALE-MARRIED,PROGRAM_2,2015,8,20194
FL,SEX-MARITAL,MALE-MARRIED,TOTAL,2015,8,29444
TX,SEX-MARITAL,MALE-MARRIED,PROGRAM_1,2015,8,17830
TX,SEX-MARITAL,MALE-MARRIED,PROGRAM_2,2015,8,20542
TX,SEX-MARITAL,MALE-MARRIED,TOTAL,2015,8,38372
FL,SEX-MARITAL,FEMALE-MARRIED,PROGRAM_1,2015,8,10290
FL,SEX-MARITAL,FEMALE-MARRIED,PROGRAM_2,2015,8,24858
FL,SEX-MARITAL,FEMALE-MARRIED,TOTAL,2015,8,35148
TX,SEX-MARITAL,FEMALE-MARRIED,PROGRAM_1,2015,8,19791
TX,SEX-MARITAL,FEMALE-MARRIED,PROGRAM_2,2015,8,21333
TX,SEX-MARITAL,FEMALE-MARRIED,TOTAL,2015,8,41124
FL,LIEN,LEIN,PROGRAM_1,2015,9,51313
FL,LIEN,LEIN,PROGRAM_2,2015,9,18307
FL,LIEN,LEIN,TOTAL,2015,9,69620
TX,LIEN,LEIN,PROGRAM_1,2015,9,16041
TX,LIEN,LEIN,PROGRAM_2,2015,9,12845
TX,LIEN,LEIN,TOTAL,2015,9,28886
FL,LIEN,NO LEIN,PROGRAM_1,2015,9,42138
FL,LIEN,NO LEIN,PROGRAM_2,2015,9,19299
FL,LIEN,NO LEIN,TOTAL,2015,9,61437
TX,LIEN,NO LEIN,PROGRAM_1,2015,9,37498
TX,LIEN,NO LEIN,PROGRAM_2,2015,9,20859
TX,LIEN,NO LEIN,TOTAL,2015,9,58357
FL,NEW OR RENEWAL,NEW,PROGRAM_1,2015,9,22648
FL,NEW OR RENEWAL,NEW,PROGRAM_2,2015,9,17614
FL,NEW OR RENEWAL,NEW,TOTAL,2015,9,40262
TX,NEW OR RENEWAL,NEW,PROGRAM_1,2015,9,5002
TX,NEW OR RENEWAL,NEW,PROGRAM_2,2015,9,27600
TX,NEW OR RENEWAL,NEW,TOTAL,2015,9,32602
FL,NEW OR RENEWAL,RENEWAL,PROGRAM_1,2015,9,16618
FL,NEW OR RENEWAL,RENEWAL,PROGRAM_2,2015,9,31937
FL,NEW OR RENEWAL,RENEWAL,TOTAL,2015,9,48555
TX,NEW OR RENEWAL,RENEWAL,PROGRAM_1,2015,9,27167
TX,NEW OR RENEWAL,RENEWAL,PROGRAM_2,2015,9,17688
TX,NEW OR RENEWAL,RENEWAL,TOTAL,2015,9,44855
FL,SEX-MARITAL,MALE-SINGLE,PROGRAM_1,2015,9,18250
FL,SEX-MARITAL,MALE-SINGLE,PROGRAM_2,2015,9,11571
FL,SEX-MARITAL,MALE-SINGLE,TOTAL,2015,9,29821
TX,SEX-MARITAL,MALE-SINGLE,PROGRAM_1,2015,9,16633
TX,SEX-MARITAL,MALE-SINGLE,PROGRAM_2,2015,9,18411
TX,SEX-MARITAL,MALE-SINGLE,TOTAL,2015,9,35044
FL,SEX-MARITAL,FEMALE-SINGLE,PROGRAM_1,2015,9,17508
FL,SEX-MARITAL,FEMALE-SINGLE,PROGRAM_2,2015,9,9830
FL,SEX-MARITAL,FEMALE-SINGLE,TOTAL,2015,9,27338
TX,SEX-MARITAL,FEMALE-SINGLE,PROGRAM_1,2015,9,10742
TX,SEX-MARITAL,FEMALE-SINGLE,PROGRAM_2,2015,9,48556
TX,SEX-MARITAL,FEMALE-SINGLE,TOTAL,2015,9,59298
FL,SEX-MARITAL,MALE-MARRIED,PROGRAM_1,2015,9,12534
FL,SEX-MARITAL,MALE-MARRIED,PROGRAM_2,2015,9,27016
FL,SEX-MARITAL,MALE-MARRIED,TOTAL,2015,9,39550
TX,SEX-MARITAL,MALE-MARRIED,PROGRAM_1,2015,9,19703
TX,SEX-MARITAL,MALE-MARRIED,PROGRAM_2,2015,9,25341
TX,SEX-MARITAL,MALE-MARRIED,TOTAL,2015,9,45044
FL,SEX-MARITAL,FEMALE-MARRIED,PROGRAM_1,2015,9,11653
FL,SEX-MARITAL,FEMALE-MARRIED,PROGRAM_2,2015,9,25562
FL,SEX-MARITAL,FEMALE-MARRIED,TOTAL,2015,9,37215
TX,SEX-MARITAL,FEMALE-MARRIED,PROGRAM_1,2015,9,20984
TX,SEX-MARITAL,FEMALE-MARRIED,PROGRAM_2,2015,9,26250
TX,SEX-MARITAL,FEMALE-MARRIED,TOTAL,2015,9,47234
FL,LIEN,LEIN,PROGRAM_1,2015,10,49264
FL,LIEN,LEIN,PROGRAM_2,2015,10,19853
FL,LIEN,LEIN,TOTAL,2015,10,69117
TX,LIEN,LEIN,PROGRAM_1,2015,10,19692
TX,LIEN,LEIN,PROGRAM_2,2015,10,13760
TX,LIEN,LEIN,TOTAL,2015,10,33452
FL,LIEN,NO LEIN,PROGRAM_1,2015,10,47393
FL,LIEN,NO LEIN,PROGRAM_2,2015,10,21767
FL,LIEN,NO LEIN,TOTAL,2015,10,69160
TX,LIEN,NO LEIN,PROGRAM_1,2015,10,43493
TX,LIEN,NO LEIN,PROGRAM_2,2015,10,22397
TX,LIEN,NO LEIN,TOTAL,2015,10,65890
FL,NEW OR RENEWAL,NEW,PROGRAM_1,2015,10,26764
FL,NEW OR RENEWAL,NEW,PROGRAM_2,2015,10,18765
FL,NEW OR RENEWAL,NEW,TOTAL,2015,10,45529
TX,NEW OR RENEWAL,NEW,PROGRAM_1,2015,10,6568
TX,NEW OR RENEWAL,NEW,PROGRAM_2,2015,10,27920
TX,NEW OR RENEWAL,NEW,TOTAL,2015,10,34488
FL,NEW OR RENEWAL,RENEWAL,PROGRAM_1,2015,10,20444
FL,NEW OR RENEWAL,RENEWAL,PROGRAM_2,2015,10,38896
FL,NEW OR RENEWAL,RENEWAL,TOTAL,2015,10,59340
TX,NEW OR RENEWAL,RENEWAL,PROGRAM_1,2015,10,27721
TX,NEW OR RENEWAL,RENEWAL,PROGRAM_2,2015,10,22228
TX,NEW OR RENEWAL,RENEWAL,TOTAL,2015,10,49949
FL,SEX-MARITAL,MALE-SINGLE,PROGRAM_1,2015,10,21730
FL,SEX-MARITAL,MALE-SINGLE,PROGRAM_2,2015,10,13790
FL,SEX-MARITAL,MALE-SINGLE,TOTAL,2015,10,35520
TX,SEX-MARITAL,MALE-SINGLE,PROGRAM_1,2015,10,18968
TX,SEX-MARITAL,MALE-SINGLE,PROGRAM_2,2015,10,24582
TX,SEX-MARITAL,MALE-SINGLE,TOTAL,2015,10,43550
FL,SEX-MARITAL,FEMALE-SINGLE,PROGRAM_1,2015,10,19976
FL,SEX-MARITAL,FEMALE-SINGLE,PROGRAM_2,2015,10,11729
FL,SEX-MARITAL,FEMALE-SINGLE,TOTAL,2015,10,31705
TX,SEX-MARITAL,FEMALE-SINGLE,PROGRAM_1,2015,10,10194
TX,SEX-MARITAL,FEMALE-SINGLE,PROGRAM_2,2015,10,50059
TX,SEX-MARITAL,FEMALE-SINGLE,TOTAL,2015,10,60253
FL,SEX-MARITAL,MALE-MARRIED,PROGRAM_1,2015,10,12550
FL,SEX-MARITAL,MALE-MARRIED,PROGRAM_2,2015,10,26746
FL,SEX-MARITAL,MALE-MARRIED,TOTAL,2015,10,39296
TX,SEX-MARITAL,MALE-MARRIED,PROGRAM_1,2015,10,19749
TX,SEX-MARITAL,MALE-MARRIED,PROGRAM_2,2015,10,27208
TX,SEX-MARITAL,MALE-MARRIED,TOTAL,2015,10,46957
FL,SEX-MARITAL,FEMALE-MARRIED,PROGRAM_1,2015,10,14839
FL,SEX-MARITAL,FEMALE-MARRIED,PROGRAM_2,2015,10,30783
FL,SEX-MARITAL,FEMALE-MARRIED,TOTAL,2015,10,45622
TX,SEX-MARITAL,FEMALE-MARRIED,PROGRAM_1,2015,10,27568
TX,SEX-MARITAL,FEMALE-MARRIED,PROGRAM_2,2015,10,29394
TX,SEX-MARITAL,FEMALE-MARRIED,TOTAL,2015,10,56962
FL,LIEN,LEIN,PROGRAM_1,2015,11,51908
FL,LIEN,LEIN,PROGRAM_2,2015,11,19710
FL,LIEN,LEIN,TOTAL,2015,11,71618
TX,LIEN,LEIN,PROGRAM_1,2015,11,23238
TX,LIEN,LEIN,PROGRAM_2,2015,11,18196
TX,LIEN,LEIN,TOTAL,2015,11,41434
FL,LIEN,NO LEIN,PROGRAM_1,2015,11,47322
FL,LIEN,NO LEIN,PROGRAM_2,2015,11,22727
FL,LIEN,NO LEIN,TOTAL,2015,11,70049
TX,LIEN,NO LEIN,PROGRAM_1,2015,11,47320
TX,LIEN,NO LEIN,PROGRAM_2,2015,11,28492
TX,LIEN,NO LEIN,TOTAL,2015,11,75812
FL,NEW OR RENEWAL,NEW,PROGRAM_1,2015,11,34983
FL,NEW OR RENEWAL,NEW,PROGRAM_2,2015,11,20211
FL,NEW OR RENEWAL,NEW,TOTAL,2015,11,55194
TX,NEW OR RENEWAL,NEW,PROGRAM_1,2015,11,7098
TX,NEW OR RENEWAL,NEW,PROGRAM_2,2015,11,30540
TX,NEW OR RENEWAL,NEW,TOTAL,2015,11,37638
FL,NEW OR RENEWAL,RENEWAL,PROGRAM_1,2015,11,25546
FL,NEW OR RENEWAL,RENEWAL,PROGRAM_2,2015,11,43026
FL,NEW OR RENEWAL,RENEWAL,TOTAL,2015,11,68572
TX,NEW OR RENEWAL,RENEWAL,PROGRAM_1,2015,11,32534
TX,NEW OR RENEWAL,RENEWAL,PROGRAM_2,2015,11,29551
TX,NEW OR RENEWAL,RENEWAL,TOTAL,2015,11,62085
FL,SEX-MARITAL,MALE-SINGLE,PROGRAM_1,2015,11,25283
FL,SEX-MARITAL,MALE-SINGLE,PROGRAM_2,2015,11,14089
FL,SEX-MARITAL,MALE-SINGLE,TOTAL,2015,11,39372
TX,SEX-MARITAL,MALE-SINGLE,PROGRAM_1,2015,11,25675
TX,SEX-MARITAL,MALE-SINGLE,PROGRAM_2,2015,11,24587
TX,SEX-MARITAL,MALE-SINGLE,TOTAL,2015,11,50262
FL,SEX-MARITAL,FEMALE-SINGLE,PROGRAM_1,2015,11,19740
FL,SEX-MARITAL,FEMALE-SINGLE,PROGRAM_2,2015,11,13696
FL,SEX-MARITAL,FEMALE-SINGLE,TOTAL,2015,11,33436
TX,SEX-MARITAL,FEMALE-SINGLE,PROGRAM_1,2015,11,13277
TX,SEX-MARITAL,FEMALE-SINGLE,PROGRAM_2,2015,11,54539
TX,SEX-MARITAL,FEMALE-SINGLE,TOTAL,2015,11,67816
FL,SEX-MARITAL,MALE-MARRIED,PROGRAM_1,2015,11,14854
FL,SEX-MARITAL,MALE-MARRIED,PROGRAM_2,2015,11,29962
FL,SEX-MARITAL,MALE-MARRIED,TOTAL,2015,11,44816
TX,SEX-MARITAL,MALE-MARRIED,PROGRAM_1,2015,11,23824
TX,SEX-MARITAL,MALE-MARRIED,PROGRAM_2,2015,11,32639
TX,SEX-MARITAL,MALE-MARRIED,TOTAL,2015,11,56463
FL,SEX-MARITAL,FEMALE-MARRIED,PROGRAM_1,2015,11,16902
FL,SEX-MARITAL,FEMALE-MARRIED,PROGRAM_2,2015,11,39139
FL,SEX-MARITAL,FEMALE-MARRIED,TOTAL,2015,11,56041
TX,SEX-MARITAL,FEMALE-MARRIED,PROGRAM_1,2015,11,30430
TX,SEX-MARITAL,FEMALE-MARRIED,PROGRAM_2,2015,11,29667
TX,SEX-MARITAL,FEMALE-MARRIED,TOTAL,2015,11,60097
FL,LIEN,LEIN,PROGRAM_1,2015,12,67842
FL,LIEN,LEIN,PROGRAM_2,2015,12,24929
FL,LIEN,LEIN,TOTAL,2015,12,92771
TX,LIEN,LEIN,PROGRAM_1,2015,12,23868
TX,LIEN,LEIN,PROGRAM_2,2015,12,22836
TX,LIEN,LEIN,TOTAL,2015,12,46704
FL,LIEN,NO LEIN,PROGRAM_1,2015,12,52682
FL,LIEN,NO LEIN,PROGRAM_2,2015,12,27265
FL,LIEN,NO LEIN,TOTAL,2015,12,79947
TX,LIEN,NO LEIN,PROGRAM_1,2015,12,53065
TX,LIEN,NO LEIN,PROGRAM_2,2015,12,27424
TX,LIEN,NO LEIN,TOTAL,2015,12,80489
FL,NEW OR RENEWAL,NEW,PROGRAM_1,2015,12,36486
FL,NEW OR RENEWAL,NEW,PROGRAM_2,2015,12,22582
FL,NEW OR RENEWAL,NEW,TOTAL,2015,12,59068
TX,NEW OR RENEWAL,NEW,PROGRAM_1,2015,12,8295
TX,NEW OR RENEWAL,NEW,PROGRAM_2,2015,12,36152
TX,NEW OR RENEWAL,NEW,TOTAL,2015,12,44447
FL,NEW OR RENEWAL,RENEWAL,PROGRAM_1,2015,12,34026
FL,NEW OR RENEWAL,RENEWAL,PROGRAM_2,2015,12,43422
FL,NEW OR RENEWAL,RENEWAL,TOTAL,2015,12,77448
TX,NEW OR RENEWAL,RENEWAL,PROGRAM_1,2015,12,43189
TX,NEW OR RENEWAL,RENEWAL,PROGRAM_2,2015,12,36318
TX,NEW OR RENEWAL,RENEWAL,TOTAL,2015,12,79507
FL,SEX-MARITAL,MALE-SINGLE,PROGRAM_1,2015,12,32730
FL,SEX-MARITAL,MALE-SINGLE,PROGRAM_2,2015,12,14286
FL,SEX-MARITAL,MALE-SINGLE,TOTAL,2015,12,47016
TX,SEX-MARITAL,MALE-SINGLE,PROGRAM_1,2015,12,33361
TX,SEX-MARITAL,MALE-SINGLE,PROGRAM_2,2015,12,32653
TX,SEX-MARITAL,MALE-SINGLE,TOTAL,2015,12,66014
FL,SEX-MARITAL,FEMALE-SINGLE,PROGRAM_1,2015,12,22558
FL,SEX-MARITAL,FEMALE-SINGLE,PROGRAM_2,2015,12,13564
FL,SEX-MARITAL,FEMALE-SINGLE,TOTAL,2015,12,36122
TX,SEX-MARITAL,FEMALE-SINGLE,PROGRAM_1,2015,12,17416
TX,SEX-MARITAL,FEMALE-SINGLE,PROGRAM_2,2015,12,59242
TX,SEX-MARITAL,FEMALE-SINGLE,TOTAL,2015,12,76658
FL,SEX-MARITAL,MALE-MARRIED,PROGRAM_1,2015,12,14607
FL,SEX-MARITAL,MALE-MARRIED,PROGRAM_2,2015,12,30766
FL,SEX-MARITAL,MALE-MARRIED,TOTAL,2015,12,45373
TX,SEX-MARITAL,MALE-MARRIED,PROGRAM_1,2015,12,27109
TX,SEX-MARITAL,MALE-MARRIED,PROGRAM_2,2015,12,41635
TX,SEX-MARITAL,MALE-MARRIED,TOTAL,2015,12,68744
FL,SEX-MARITAL,FEMALE-MARRIED,PROGRAM_1,2015,12,21878
FL,SEX-MARITAL,FEMALE-MARRIED,PROGRAM_2,2015,12,46910
FL,SEX-MARITAL,FEMALE-MARRIED,TOTAL,2015,12,68788
TX,SEX-MARITAL,FEMALE-MARRIED,PROGRAM_1,2015,12,34447
TX,SEX-MARITAL,FEMALE-MARRIED,PROGRAM_2,2015,12,32207
TX,SEX-MARITAL,FEMALE-MARRIED,TOTAL,2015,12,66654
